{
  "apkFileName": "Floppa_Jump_v5(13)_src.apk",
  "PackageInfo": {
    "forcedPackageId": "127",
    "renameManifestPackage": null
  },
  "doNotCompress": [
    "AndroidManifest.xml",
    "resources.arsc",
    "png",
    "jpg",
    "m4a",
    "wav",
    "gif",
    "mp3",
    "ogg",
    "lib/armeabi-v7a/libmidi.so",
    "lib/armeabi-v7a/libgdx-box2d.so",
    "lib/armeabi-v7a/libgdx.so",
    "lib/x86/libgdx.so",
    "lib/x86/libgdx-box2d.so",
    "lib/x86/libmidi.so",
    "lib/x86_64/libgdx-box2d.so",
    "lib/x86_64/libgdx.so",
    "lib/x86_64/libmidi.so",
    "lib/arm64-v8a/libmidi.so",
    "lib/arm64-v8a/libgdx-box2d.so",
    "lib/arm64-v8a/libgdx.so"
  ],
  "compressionType": false,
  "sparseResources": false,
  "version": "2.4.0-240413",
  "sharedLibrary": false,
  "VersionInfo": {
    "versionName": "5",
    "versionCode": "13"
  },
  "UsesFramework": {
    "ids": [1],
    "tag": null
  },
  "unknownFiles": {
    "play-services-cast.properties": "8",
    "play-services-analytics.properties": "8",
    "mustMatchRegex_de.properties": "8",
    "play-services-ads-identifier.properties": "8",
    "convertGermanToBoolean.properties": "8",
    "opencsv_en.properties": "8",
    "com/badlogic/gdx.gwt.xml": "8",
    "play-services-tasks.properties": "8",
    "com/badlogic/gdx/utils/XmlReader.rl": "8",
    "convertGermanToBoolean_pt_BR.properties": "8",
    "com/badlogic/gdx/graphics/g3d/shaders/depth.fragment.glsl": "8",
    "convertGermanToBoolean_de.properties": "8",
    "com/badlogic/gdx/graphics/g3d/shaders/default.fragment.glsl": "8",
    "okhttp3/internal/publicsuffix/NOTICE": "8",
    "com/badlogic/gdx/graphics/g3d/particles/particles.fragment.glsl": "8",
    "play-services-auth.properties": "8",
    "opencsv_pt_BR.properties": "8",
    "build-data.properties": "8",
    "play-services-basement.properties": "8",
    "play-services-flags.properties": "8",
    "DebugProbesKt.bin": "8",
    "mustMatchRegex_pt_BR.properties": "0",
    "convertGermanToBoolean_fr.properties": "8",
    "opencsv_de.properties": "8",
    "play-services-stats.properties": "8",
    "mustMatchRegex.properties": "8",
    "convertGermanToBoolean_en.properties": "8",
    "com/badlogic/gdx/utils/arial-15.fnt": "8",
    "opencsv.properties": "8",
    "com/badlogic/gdx/graphics/g3d/shaders/default.vertex.glsl": "8",
    "com/badlogic/gdx/utils/arial-15.png": "8",
    "play-services-auth-api-phone.properties": "8",
    "play-services-tagmanager-v4-impl.properties": "8",
    "mustMatchRegex_en.properties": "8",
    "com/badlogic/gdx/graphics/g3d/particles/particles.vertex.glsl": "8",
    "com/badlogic/gdx/graphics/g3d/shaders/depth.vertex.glsl": "8",
    "play-services-base.properties": "8",
    "androidsupportmultidexversion.txt": "0",
    "com/badlogic/gdx/physics/box2d.gwt.xml": "8",
    "opencsv_fr.properties": "8",
    "mustMatchRegex_fr.properties": "8",
    "play-services-auth-base.properties": "8",
    "play-services-analytics-impl.properties": "8",
    "okhttp3/internal/publicsuffix/publicsuffixes.gz": "0",
    "com/badlogic/gdx/utils/JsonReader.rl": "8"
  },
  "apkFilePath": "/data/app/~~m9tFU7BFosd5OUVpWc1I7w==/com.Amurstudio.floppajump-CVrcGp-6t-tsldupF3zuyw==/base.apk",
  "isFrameworkApk": false,
  "sdkInfo": {
    "minSdkVersion": "23",
    "targetSdkVersion": "30"
  }
}